,line_score
0,3.9447100939148734
1,-1.6215258485656794
2,2.2809156639622765
3,-0.03798933526723025
5,4.182051751170194
6,6.528040130932074
7,6.381434594128162
8,-6.85780208385446
11,-0.5121635940002756
12,0.6163392488764863
13,11.78624485120509
14,-6.616464512991249
15,0.4920037464268888
16,4.494146158828564
17,7.631477456578077
18,-11.501202413510587
19,5.729185145310132
20,-1.7521925848006377
21,1.0171051938294084
22,-0.6847904053049714
23,0.2130275264775654
24,-0.3057452764935241
25,-1.322578907611319
26,1.4003794658888848
27,-0.7954277573655258
28,-2.8217714597255257
29,1.5794851241733343
30,-4.547461216910148
31,-1.338586880603875
32,-3.3487902944784778
33,-9.104552798092694
34,-10.037960741438084
36,-4.546097929134957
37,1.4770236771413416
38,0.8363094266450884
41,-0.08779734118111421
42,-4.2351110985429
43,0.6230079491844533
44,1.2436590924328677
45,1.9685676857564598
46,-3.3783133026009096
47,2.2914698589332616
48,8.450024213457542
49,2.4359884347337335
50,-3.2808971410641137
51,8.298119291362427
52,2.1228645760034413
53,-1.9033170633117111
54,-1.6270642280089103
55,10.688564577015557
56,9.428918243793817
57,9.428918243793817
58,-2.623397232614164
59,-0.5478838299187054
60,-1.363576543241174
61,0.4334266639661578
62,-3.7478274235211413
63,-5.31968021927988
64,0.7758693905144121
65,4.2866877714149805
66,14.30465569602561
67,5.018726325617168
68,-1.7693088728612985
69,5.618015115697372
70,21.378588511633822
71,1.5463088002000616
72,10.493224236740916
73,0.1888773955095595
74,5.211475857406764
75,1.1445117868246966
76,23.296990530209893
77,12.363104095280415
78,-0.8586578706602525
79,0.973332246152369
80,-1.854583018425319
81,2.8755096925946377
82,3.492833481010981
83,1.9562785970601655
84,6.478762151285456
85,2.732412586159923
86,2.824243120355616
87,1.4504044434407923
88,2.079810543229329
89,0.5218637285486447
90,3.9060982306787233
91,15.437878363998834
92,-0.28444531323519384
93,5.150438013792697
94,2.774908010105318
95,-5.555564878343647
96,-0.559684796089658
97,-0.5097717910376021
98,1.9784221797652088
99,6.23787017035765
102,-0.4673654850501378
103,-2.2934642324024184
104,-3.570801683234458
105,-1.8270928131006818
106,1.7806028841831267
107,0.34540784853966344
108,-0.14904061381668288
109,-0.28485152858576746
110,6.383221776349003
111,6.473376592364446
112,-0.9955931099766455
113,-1.5193176615936907
115,0.31899269433309496
116,12.131896294505095
117,10.711585194401014
119,1.4905951456829638
121,-4.135821810914777
122,0.4501975106112318
124,0.04772551990563567
125,1.2132589685431874
126,-10.5507987605504
127,-0.8223244076012667
128,0.0012266635742403942
129,0.6214097815759285
130,5.048776497299459
131,1.6873519409010833
132,9.711631920461011
134,15.180891864475965
135,17.36930570939408
136,5.316186295827896
137,-5.677784958140754
138,-4.6666830776645085
139,1.4423215394665738
140,0.5148458375524089
141,-8.78974921852766
142,-2.776195392513665
143,-2.776195392513665
144,-0.2962044748992606
147,7.145378275081148
148,0.5300631975044324
149,-10.481072647061438
150,-8.340425530136118
154,-6.766196820259282
155,-0.39893182471263483
157,-0.7888688145028084
158,0.11311147037190303
159,1.0065990622208734
160,-2.4037649555277927
163,1.3034830180908863
164,0.08941623057066192
166,0.4350695694543034
167,-0.6738501789453744
168,-0.6738501789453744
169,-2.197419503471143
170,-1.7560638291215391
172,1.2598870052103954
173,2.7922692151423325
174,6.19718109756547
176,0.37727987939848234
177,-0.8148819954446562
178,-0.2288570942665891
180,-3.4683084540061033
181,-1.2261718074217622
184,-9.743870603428908
185,-3.204101392839386
187,1.1314365434039715
188,-0.20216856043937498
192,0.2338177326416859
193,-0.5812155693297882
194,5.3740261752829515
195,1.0982277567090932
197,0.7018737939083988
199,-0.3215606507679766
200,-0.8857067910533161
201,-0.07298307574801377
202,-0.15361172372764242
203,1.083376048752455
204,1.5689298523408937
207,-0.4162321794447644
208,-0.7332778653156957
209,-0.6325802550254281
210,0.6035646285609404
211,0.6426048866500609
212,-0.4809469326494977
215,0.6313343683449213
216,0.22946073764152794
218,0.22637336811238382
219,0.05604331144393529
220,-1.6618477175200335
228,-3.879296391872553
229,0.7938962617807419
230,5.033644957386392
232,0.6426048866500609
233,0.8249151198464442
235,1.0025959346531876
236,0.6493002365370457
238,-1.8640421300000651
239,-0.24269119793029997
240,-0.5251474386237558
241,7.609548403531189
242,0.7579419979030911
244,1.4242485550013493
246,-0.4219986312204592
248,0.5086070896602174
249,-0.8429824375904988
250,1.1817074137259709
252,0.25894418993246104
253,1.2364156659922405
254,0.07313324036260635
256,2.833623565089715
257,0.0
258,-0.7641916165350775
259,0.1305827103052339
260,0.0
261,0.12923177743839254
262,-0.233077522315957
263,0.580632308416951
264,-0.5898550012774385
266,-0.478926387876362
268,-0.8684810831554586
269,-2.5971581731505733
270,-0.15759478457333848
271,0.6763093989790541
272,0.7246562251054997
273,0.13001899656397017
274,-1.4754973849513342
275,-1.7096333847464487
276,0.0
277,0.33012736166093354
278,-2.2358394249291504
279,-0.14961983816429827
281,-0.20082359178577866
283,-0.9024562973944704
285,2.1179992193261485
287,-1.4008323397447107
288,0.7579419979030911
289,0.30105411633479334
290,0.3423619484489368
291,-0.5234276448191213
292,0.17998802948669818
293,-0.669204411916315
294,0.03059352031678783
296,0.6496702934658325
297,0.38335208071733473
298,0.04915712423196408
299,-0.9523679055871286
300,-0.7336990992336294
301,-0.017645444900153184
302,-0.6403129865414658
303,-0.7160443560047787
304,0.028074548628552493
305,1.9366907502663897
306,-0.15275354994508003
307,0.0006926252412659262
308,-0.6525478773877491
309,-0.8842386533470118
310,-1.4942157001060805
311,2.160820393643899
312,-0.2598032194979225
313,-0.08732764657980191
315,-0.7054381280413462
316,0.750016746617341
318,-0.9640529345091355
320,-0.9049556383251876
321,0.8916608694286949
322,-1.2334898345309604
323,-7.1018358153605385
324,0.0
326,-0.3478252260645257
327,8.305958176703404
328,-0.30170848453959337
329,-0.5566784905510926
330,-1.448582833943777
331,-0.33635159910790774
332,-0.3263130183573614
333,0.2587786675688424
334,1.2137678714017959
335,1.6519910657422996
336,-13.901801251618892
337,-0.5559514495058646
338,1.0207619035514206
339,-0.10195471595134137
340,-14.980155909550874
343,-0.07181860392701422
344,1.1462912471404896
346,0.29844941892504007
347,0.29844941892504007
348,-1.6228595401643877
350,-1.1849144026646967
354,-0.3272234300674989
355,0.0
356,0.43877808405913205
357,0.04625500799254975
358,0.3047926075144084
360,-1.3596577971175798
361,-0.7643345654082723
362,-0.3052974751364278
363,-1.4264932927360259
364,-0.23570585591398344
365,-0.9559322547071685
367,-1.7342633094303463
368,0.23240952573259205
371,-0.06699702158939083
372,-0.013308166149023276
374,0.16209879651143727
375,0.0
378,-0.5626206067653321
379,-1.4364081016908168
380,-0.02623018241364128
385,-1.5505821569771536
386,0.08833069942998983
390,-1.2341062621634715
391,-0.70164340179433
393,-1.3023148462053238
394,0.22178451725214723
395,1.4932094309039603
396,0.49319831282608473
398,0.3695424428223607
399,0.5309039481487202
400,-0.620529805815818
401,-2.2150963454063075
402,-1.1595386044798652
405,0.9905073180410033
406,1.5487054721531395
410,-1.8948139860164868
411,-3.272535010618037
412,1.6460362359667982
414,1.94248481086488
415,-0.4816300054939892
416,1.5536382897509822
417,1.5898999438974055
419,0.16875766063577263
420,-0.31771165069625457
421,-1.0773417903723366
423,0.9007533716962388
424,1.5133913745630825
425,0.5873529493105906
426,0.6622508510184898
427,0.4884554088082932
428,-0.8896899916524212
429,-0.23210303798887139
432,0.5432881547052936
433,-0.1724310012384569
434,0.6112295915037789
436,-0.6503372580198756
438,4.1279023706410305
439,0.7543044673921706
440,0.43527384057687935
441,-1.3469405672729486
442,-3.155505584933462
445,-0.10024381792478076
446,-0.22147429258881604
448,1.8222667812057687
449,0.2281102940893216
450,-2.1420782880432983
452,1.3168377207909776
453,0.6310761675204851
454,-1.7988393077073483
455,-0.0780119337586549
457,-1.9178387895096112
458,-1.638236336146366
459,1.4660929469667139
460,0.5839815619629656
461,1.7563645906221657
462,0.05950258902360084
463,5.0723279077256285
464,0.9822898053454647
465,0.22821912981547327
467,3.3369923701849245
468,8.816615634126101
469,0.0
470,0.8933118645724981
471,-0.9924875749164965
472,-0.4363303037533439
473,2.5420830167703437
474,-3.2862365135024003
475,1.8587634208570496
476,-0.21567550951719336
477,-1.907835101742823
478,0.16567048123044173
479,0.02250586414850672
480,-0.22951936557417316
481,0.0
482,0.35143158310931377
483,-0.4162321794447644
484,1.672124788936439
486,1.286681805023386
487,1.0586254382328582
488,0.36088725220291074
489,0.33097326574807284
491,-2.1388881037778376
494,1.3587094104233208
495,1.6600411924031224
496,-1.1209729229395775
497,0.2885591144727757
498,0.0
499,-0.1940848595866936
500,0.29844941892504007
501,-2.086231804941388
502,-0.19308666498631827
505,-2.3108199995159477
507,0.0
508,0.6068259870837392
509,-0.8610821573057769
511,-0.7632340034511828
512,-0.9040455380144199
513,-6.8518591033589615
514,-1.5407702268841446
515,-0.2996124332583435
516,-8.576173070414306
517,-7.143155937518365
519,-0.9092547713607304
520,0.6916642268836444
523,1.3386896076285228
524,-1.2143388991178947
525,3.7169307421995894
526,-0.6245570533142714
527,-0.42407420313624833
528,2.320132194108111
529,1.1273104563081016
530,-1.5677788558876073
532,-1.3876150088317818
536,0.8226443201864554
537,1.325277627084273
538,-0.2145946041362646
539,-10.159844115336776
540,1.0881121147987707
541,0.4161741155354287
542,-0.3074074554412287
543,-0.2781306048682108
544,1.6115590309826562
545,0.692680476388774
547,-2.0834369036507385
548,-0.600751069862089
551,0.5524660522635906
553,0.841982099331261
554,0.8213025946250552
556,1.0363561104403782
558,0.8559284609165816
559,-0.061090758851910704
560,-1.176096184666064
561,-1.9871715006067752
562,-0.3061255169508511
563,-0.5437101770798299
564,-0.6519126085414263
567,0.30771365485329305
568,0.041930917793773004
569,0.041930917793773004
571,-2.6075776971783626
572,-1.27316458863641
573,0.6671363032981771
574,-1.454066650501106
575,-0.2327064809895703
576,-0.01398971170102653
578,1.8330728396302054
579,-0.8205224007323506
580,-0.5386159404997348
581,1.276843339459936
582,-0.46002397834272185
583,2.4944715870958247
584,-1.0162904231678378
585,-0.964205765131859
589,0.13426098404711853
590,0.30099117142145987
591,-1.3502634924521253
592,0.4476639540618773
593,0.6273531593327817
594,-0.8801832153682949
595,-0.6377377627007463
596,-0.6949673835127421
597,-2.748117076220833
598,0.13919895202732652
601,0.03624143554480716
602,1.650095772712494
604,0.2257250478175014
605,-0.19933647593348575
606,-1.7883621924622286
608,-1.0513837949065643
609,-1.1209630414635998
610,-4.725304987707229
612,-0.862486317872289
613,-0.20018468100910247
615,-0.8983057329333091
617,6.16635721879266
618,-2.134538132135371
621,0.24281914352555584
624,-0.9825508363684717
626,2.0489564427931874
627,0.030617284875443324
628,0.7569682485541551
629,-0.6596654567466996
630,0.06120300219213534
632,-2.8114424656262904
633,-0.4771362885838879
634,-0.42534974657733704
636,0.0
637,-0.023482952943164576
638,0.8509170370944086
639,-4.397453164402271
640,-1.9985728729668364
641,-4.057655212685933
643,-2.0925761371638623
646,-1.7198922516731563
647,1.0607143520569071
648,1.6222511989281163
650,-1.0513837949065643
652,-1.0921053375283742
654,0.15945001877974677
656,0.3212347057674035
658,0.0
659,1.4400527033411934
661,-1.3706112713800305
662,-0.7402395512333557
663,3.229568925044361
664,1.3237757770610388
665,-0.5531264628323207
666,-0.4275764473442868
668,-1.0737794897866793
669,0.7725796352222594
670,-0.6681570907502763
671,-0.7024607614603064
672,0.2717360564023963
674,-5.233048034474632
678,0.9961974867201089
679,0.39951195399441947
680,1.3127949530854863
681,-1.1046428312859196
682,-0.9058235169947213
684,-1.6661545240242623
687,-1.0011430184948953
688,1.0747759427200236
689,0.02928116501071143
691,-0.4650880492043533
694,0.24226589068360477
695,-3.3154897206460734
696,-0.11880553532712013
697,0.0
698,-0.40454884707381017
699,-0.5424523533181487
700,0.3063105517709769
701,-0.6406906486209819
703,0.9059046559456557
704,-0.8983590664749345
705,-2.0555180678459086
706,1.1566872521161042
707,-1.9303727489051674
708,-2.3730267900192494
709,-0.024179283740262014
710,1.306206522555942
711,-0.22861126745367175
712,0.01802417010661128
713,0.01802417010661128
714,-0.41005004511714294
715,0.3099989057605498
717,-1.1993722352521727
718,-0.2915714326872933
719,-3.6876701379789223
720,1.0028098321396648
721,-1.0625499232747297
722,-0.3375415993762219
723,1.7046115284627208
728,0.0
729,-1.4675115589769354
731,-1.451191380271382
732,-0.6891138892033422
733,0.4733302212765545
734,-1.4404369372310668
735,-0.7171808804233966
736,-0.25094222084344014
737,-1.6231594469855684
740,2.0004987992075294
741,-0.6903181637553477
742,0.653182757292369
743,-0.3306765310716777
744,-0.035547531272957844
745,1.7991172558361357
746,3.137649682121591
747,-1.9942643121253398
748,-3.222050438217626
749,0.8603933056584332
750,18.95916290930798
752,-0.15806185906205977
753,0.02808868996483313
756,0.7863813696486263
757,-0.38187342882529185
758,0.7744072504289374
759,0.35095516240803803
760,-2.1309070802976966
761,0.4974446392769948
762,0.6713211461006314
763,-0.3575565590161214
766,0.08787301827433486
767,1.8067259839473997
768,-2.207524734188717
769,-0.20304828611390022
770,0.753597037904323
771,-3.5652093233182596
773,-0.6494483115190117
774,0.5750016926846073
775,0.3827092564439106
776,-0.1335153825361022
777,2.56603827019003
778,0.7456942937461984
779,-1.8765044102667954
780,-2.0945814266371374
781,-3.1903737836908705
782,-3.1159387389058333
783,-1.8883142872382812
784,-0.4162321794447644
785,-1.4386426133711108
786,1.4022395139384867
787,-0.2823867009841962
788,-0.18206161045799768
792,2.5274259063005338
795,0.35327881169515585
796,0.14684314879764157
797,-5.033119521171867
799,-0.6844227101190218
800,-1.3508939896690126
801,-1.84558506358889
802,-5.834676339347112
803,0.08763990773252878
804,-0.32160525864704925
805,1.3256538320339364
806,-0.976507411478363
808,-6.19312684831999
809,-0.8375166196677836
811,-1.5998218435566403
813,-0.8161428394238336
814,0.2384832451926857
815,-1.8293397607906372
816,-0.7171808804233966
818,-0.17119858967526475
819,0.41129780991678044
821,1.5687005813608077
822,0.9767892809801539
824,-3.797930117055477
825,-2.0172584529935005
827,-0.4303575939093739
828,0.19375834360345057
829,0.42206409325520433
830,0.07962539067669994
831,-1.9207659850659364
832,-1.4426712332677645
834,-0.004675033216261587
835,2.576970289376418
836,-1.3390635239678468
837,-0.6791429107795008
838,-0.5758049129293006
841,0.0
842,-2.245723821821257
843,3.106472883075885
844,0.623938341050466
846,-2.142383709630822
847,-0.18868597156752717
848,-0.9180206666413708
849,-0.07519620395262344
850,-0.4162321794447644
852,-0.3365238949995144
853,0.8558432966672526
854,-0.9604355505546135
856,0.49465318557201365
857,-0.9004141546677311
858,1.496305004380095
859,-0.9609884343174326
862,-0.19863672890070758
863,-0.17038694005039856
864,0.0093608952969306
865,0.015258805136309339
866,-0.2795887693087458
867,1.5255633151995438
868,0.411086543453803
869,-1.5978565342057098
870,-0.4162321794447644
871,-1.1178258090385225
872,0.0
873,0.0
874,-0.529553232276536
877,-2.917056454834201
879,0.3688411725185925
880,0.9537581667594961
881,-0.29970854324898794
884,0.4693937773360731
885,-0.44015294359428114
886,-1.4931991678031602
887,-1.6561837641098247
888,-1.351530549941356
889,-0.5582849576609438
891,1.7562851779387656
892,-4.947168160292292
893,-0.7888407159706466
894,-1.9090342338205146
895,0.41855009332738463
896,0.28896968533862527
897,1.3049412949098185
898,0.4802685025619362
899,0.7552429795973845
900,-0.9330159399361657
901,-1.2964215641569494
902,0.0236940838814359
903,-0.7416376911128393
904,-1.2110158883047137
905,-4.8636857142839975
906,-1.2600715311385762
908,-0.20304828611390022
909,-0.4980009429582738
910,-0.8559735081544677
912,-0.4210054180689515
914,-0.2040357098559584
915,0.3463411024905674
916,-3.8905386866564124
917,-0.949907713746172
918,0.26934680453088267
919,0.30191947763417404
920,1.3439372611326756
921,-1.8619197387618316
922,-0.38370464046817976
923,0.35508022964437663
924,-0.5385804741024626
925,-0.7963273717064507
926,-0.7942348123381352
927,2.187782581409594
928,-0.5711646759989
929,0.8887534324206103
930,0.9174767376508598
933,-2.0752089421509154
934,1.4903614663998903
935,1.0269829464300737
937,-0.03819789649342509
938,0.21341083225404336
939,3.913526277714984
940,2.2517135090969163
941,1.8300853411498517
943,-0.5776587424190025
945,0.0988193558799611
947,-0.2669775500878846
948,-2.450743409799869
950,0.3408846750646215
951,-0.7228052673576844
952,0.43198398457695436
953,0.6653938233988336
954,1.0549237160522154
955,4.933560690035497
956,1.1422034210182028
958,0.6607706760227294
959,-2.6998543121183047
960,-2.975489130162197
961,-0.7208932340707767
962,0.1253354476919603
963,0.29252779862085443
964,-0.559991189128926
965,2.0456670842549007
966,1.4555291318965327
968,-1.0079179296053566
969,-1.3263030048927784
972,0.12993376951122385
974,0.033995845445968564
977,-5.434984945061775
979,-0.36505129704449324
980,-2.8216594167808577
981,0.0928481734023211
982,1.1737681657066632
983,2.0019010714905807
984,1.0799388542615322
985,-0.5027941786576892
986,-0.096270890474424
987,-0.5189803500631952
988,0.19096955510420155
989,0.8466154822136729
990,-0.8327030961514987
991,0.10792069325057801
992,-1.8342454480746215
993,-0.5281480591062404
994,-0.4574486837287679
996,-1.7798234925023793
997,-0.9898133890222646
999,1.7599992226879215
1000,0.3786148115441019
1001,1.0103181021503436
1002,0.29844941892504007
1005,0.19589572494996182
1007,0.6465905754784786
1010,0.5011266244245789
1011,-2.4445142383982246
1012,-2.351614296325271
1013,-0.9849337585546938
1014,-0.4013657742489408
1015,-0.606765079163064
1016,0.679072834766796
1017,-0.8790258893457024
1019,-2.966265398077783
1020,-0.472138754863331
1021,-0.39877238353434197
1022,0.7060746889206833
1024,0.27353305116465515
1025,0.3502670749390851
1026,-0.233077522315957
1027,-0.4887597988377568
1028,-0.20304828611390022
1030,-0.4093958576006549
1033,0.23411711714729525
1034,0.761484012968347
1035,-0.4662310371124305
1036,-3.299820099016793
1037,-0.30981413289649057
1038,-0.05397866593156306
1039,-0.5306377035597803
1040,-0.2648940658601851
1041,-0.5203132570816144
1042,-2.067295446721737
1043,-1.7684782800960956
1046,0.7683745145006169
1047,-1.4818842497402929
1048,-1.4241245943333172
1049,1.2887744427303944
1051,0.03330739921050779
1052,-2.5263076089885046
1053,1.372993957561247
1054,0.16236499251099987
1056,0.9089332559767257
1057,4.23174668053897
1059,-0.4516047231734782
1060,-0.668164150273356
1061,1.2234669158071498
1064,0.45197250116675985
1065,-0.26064716175132624
1067,3.1864153166131852
1069,0.7939797844424459
1070,1.2707585383187814
1071,0.9203164205575588
1072,-2.5636051197501026
1073,2.00873076236914
1074,0.0
1075,-0.060964465080272146
1076,-0.5282123746912366
1077,0.3825307663500998
1078,0.12374715970465597
1079,-1.3428332954018674
1080,-0.32987572433336465
1082,-0.5033353136187113
1083,-0.18152849465028872
1087,1.951859835614266
1088,-0.5505892028248043
1089,0.5864177990690176
1090,-0.8175380697720257
1092,0.5124519758734525
1093,0.14065842267234802
1094,-0.7833865064578447
1097,-0.3639128807123619
1099,-0.6357646183992495
1102,0.8594061244984044
1104,0.08424855678174548
1105,0.14308684587613033
1106,-0.6236835477126361
1107,-0.3894895588400842
1108,-1.00605565065548
1109,0.3825307663500998
1111,-0.140287259126351
1112,-0.17808919750774524
1113,-1.3142052863903215
1114,1.2060225376076925
1115,1.2859918853235595
1116,2.169775993983029
1117,-0.13016336007320942
1118,1.7634810025240097
1119,-1.0323565979529365
1120,0.6334515969167687
1121,-0.6300584700722307
1122,-0.2513484775361207
1124,1.3241495666207947
1127,1.618060086131974
1128,0.7151337934750964
1129,-1.341707170065428
1132,-0.8862343158301083
1133,-0.20304828611390022
1134,0.984615603616138
1137,-0.8161428394238336
1138,-0.9771202778525928
1139,-0.20088840468717592
1140,0.6223254773247251
1141,-0.9172238342373454
1142,0.7725407121063028
1143,-2.4676056835544435
1146,-1.8023963979957625
1147,2.9866586536808866
1148,-1.6808620190563566
1149,0.40709489650368474
1150,-1.3767510669973937
1151,0.9600432970582609
1153,-0.8506940824613703
1154,1.6098500840221432
1155,0.3776704855598425
1156,0.0
1157,0.1687212314683351
1158,0.07586837773890637
1160,-0.45089653136463154
1161,-0.3970832847396665
1164,-0.0022111663214444965
1165,-1.6269948913977448
1166,1.2248601837168023
1167,-1.5460834555209657
1168,0.6505830048989665
1169,5.18646221467216
1170,-0.40445312246379495
1172,1.4081548258108985
1173,0.165782859918417
1174,-0.5818142216978355
1176,0.7787631769365366
1177,0.03578063954284627
1178,3.205453804197354
1179,-1.4198587049913787
1180,-0.5033622553373691
1182,-2.81544696929124
1183,0.6471024161873901
1184,1.4897110693969715
1185,3.1062585895805523
1186,-1.4283194218131965
1187,0.9521840171196014
1188,-1.7586924873964833
1189,2.351920856397063
1190,-0.6687540141681972
1191,-1.2694125430550178
1192,-0.20030316212582064
1193,-0.7596959144265963
1194,0.10418983194377446
1195,0.459954052086315
1196,-0.4165246078942846
1197,-0.4088729808357642
1198,-0.4793003012667954
1199,0.09900399874985788
1202,-1.800432647732433
1207,-0.6076874492224871
1208,-1.1413581845792482
1209,-3.147742369687734
1210,0.28918965000132024
1211,0.6426048866500609
1212,-1.207529145259242
1213,1.5786317626785407
1214,4.949748680771003
1215,-0.36096376916727435
1219,0.8756488909014224
1220,-1.0859797228388643
1221,-0.5093872911096304
1222,-2.105595639437386
1223,-2.0606698314312815
1224,0.9783247700385715
1225,-3.5356736248937812
1226,-0.4714642958814023
1227,-4.57714129324535
1228,-2.319211569838142
1230,-4.136369789801783
1231,0.3520851258094734
1232,-0.29372980892449385
1233,-9.86121477851774
1234,-1.4864618832279337
1236,-0.14623444651948986
1237,0.41806645389969305
1238,0.1842874464202932
1239,-0.9039564053942797
1240,0.5296474297928606
1242,3.955353842529048
1244,1.0342121761020957
1245,5.7939399604512065
1246,0.4260855570686898
1248,0.5079659137088508
1250,9.838466048257198
1251,13.259559584514585
1252,-1.3256666065063625
1253,-0.8275349794895357
1254,-2.115917833468502
1255,-1.539350317358723
1256,0.0
1257,-0.9422686734650707
1258,-6.20894226201861
1259,-3.858443727525828
1260,-7.998548795994414
1261,-1.971481889529817
1264,0.09685881841367297
1266,-0.41063955564948224
1267,-1.249372268354964
1268,-0.4550378518073549
1269,5.277420862505112
1270,3.3760304035015807
1271,0.5083457778001426
1272,0.5565764690884593
1273,0.0
1278,16.03320362237329
1279,-4.14160480663713
1280,0.5083457778001426
1281,0.5141412129488778
1282,-2.2689609674310787
1283,-1.6634158052590866
1285,1.7597531845895618
1287,-12.62962952013093
1289,-6.1276268709146615
1290,0.6904935694907994
1292,1.0758276664096025
1293,-0.0020026854318776766
1294,1.3459404831323765
1295,0.3834780298591244
1296,-18.394037520866735
1298,0.2717019990447288
1302,2.35466447968179
1303,-1.0436387288124833
1304,-0.5500038110976501
1305,-0.5957328250630138
1306,-5.474267020623959
1309,-0.8812758045963512
1311,-0.07873259424529189
1313,-0.23484787929677922
1314,-9.248691659895908
1315,-0.6105576685141186
1316,-0.40651599795719295
1318,-1.918063865487997
1319,1.2205956546979724
1323,-0.47072241865965814
1324,-0.23718965068342096
1325,7.023174670750731
1326,2.0129596926732276
1327,-0.2439923916193817
1328,0.06065627883731384
1329,-2.160737298341185
1330,-2.240901913811443
1331,-2.674976816049365
1332,0.1309499864595987
1333,-0.612005705118391
1335,-0.3028806861908722
1336,2.300968083725285
1340,-1.6041469371412802
1342,2.081138026570671
1343,-1.3279589777931178
1344,-0.41876956712943003
1346,0.0
1347,-0.7967932522461165
1348,0.6729678796335836
1349,0.6051335852677143
1351,-3.294696413379562
1352,-0.4530639438231171
1353,-0.8136680175488366
1354,-0.15167799973530477
1356,0.0
1358,0.30096309364068863
1362,-0.7074501732139172
1363,0.5864135411823052
1364,-1.1753940492524195
1365,-0.02386950501317131
1367,-0.13126449064580126
1368,-0.47936528527108113
1369,-0.23830782545377704
1371,-0.10889307427227468
1372,-1.3572652078545286
1373,-1.7133869997469806
1374,0.0
1375,-0.6954077583774426
1376,-3.2198545473660958
1377,-0.668312215522135
1378,-16.4021559909239
1379,12.761359986770433
1381,-0.09202834886936795
1382,0.28918965000132024
1385,-1.8784699299000263
1386,1.0217855027626044
1389,3.697934083995536
1390,0.39585771675159126
1392,-1.4425031345628034
1393,-1.111730335509463
1394,0.3724600868664721
1395,0.9903145990864535
1396,-0.20176428333933974
1400,0.22157354942612967
1401,0.6924196187993787
1402,5.403491395806983
1404,-3.0416446957259446
1405,1.4985671439066608
1406,1.266961643355923
1408,-0.8830461562339477
1409,3.0692188972802814
1411,-0.2977703398749944
1412,-0.08089095422805259
1414,0.8982744337383965
1415,-2.129126112724862
1416,-0.6112173383554375
1418,-0.3417921140303464
1419,-0.0024017723055261564
1421,0.5380629834087534
1422,1.6009892965422463
1423,0.6101723939310559
1424,-0.4351846281294697
1425,-0.9472483079954583
1426,2.697198609589466
1427,-0.6607795925632971
1428,0.03836423030549968
1429,-0.2827390577497907
1430,-0.6206564889486053
1431,-0.9559322547071685
1434,-1.730419987561539
1437,-6.181847350322306
1438,7.098909440212619
1439,8.455865511772407
1440,0.039018358995794394
1441,1.9791365766546116
1442,-0.14188670651024626
1445,0.7639474217115796
1447,-1.0607421410970965
1448,0.821300373482152
1449,-1.0773121482558552
1450,-0.7054305943900037
1451,2.490390962830122
1452,4.242708807412143
1453,0.24035640654760346
1454,1.4619900687960259
1455,-0.2327064809895703
1456,0.030617284875443324
1457,16.12563247776592
1458,1.8104437468399899
1459,-1.301394013491188
1460,-0.8812758045963512
1461,-1.0110537042991554
1462,-0.835117183223773
1464,-1.3157869120672774
1466,0.06731996738877652
1467,-0.09553686941025724
1468,-0.44193127685087363
1470,-0.9065250835614501
1472,0.33999486651494415
1473,1.469765096815675
1475,0.35367839365951
1476,-2.3474483190436617
1477,3.237550568144784
1479,-0.5912855700033119
1481,-0.2145946041362646
1482,-0.3015436677595414
1484,-0.37108449421788975
1485,-1.144002402799421
1486,-0.4909216566174062
1487,0.18718812958950104
1490,2.791848337712982
1491,0.8075718460614507
1492,5.373060090614797
1493,37.78960711304089
1494,0.0
1495,-0.30170848453959337
1496,1.392750685735452
1497,0.22874115266930592
1498,-1.1044396654300013
1499,2.1111987492870634
1501,0.03624143554480716
1502,0.1221027877572591
1503,2.3698945479676836
1504,-0.45455680582654034
1506,0.3987359661951908
1507,-0.6257749208506629
1508,-0.6313238327235849
1509,-0.6207770553926708
1510,1.066765368731681
1511,-0.5750691003511175
1513,-6.117067998105811
1514,1.0754365905676428
1515,-0.8311844800558386
1516,-1.3351042494190126
1517,-0.8967860097620578
1520,-0.7730389993490264
1522,-0.25712808344258786
1523,-0.884359599935731
1524,-7.023278198087991
1525,-0.21021062319578573
1526,-0.4847798405171542
1527,0.5028528975259365
1528,0.40365733806051446
1529,-0.14450889342947415
1532,-0.4760695656164841
1533,-1.7989893290100427
1536,0.8943984058083183
1537,-0.8934991019505736
1539,-6.915162786814548
1540,-5.401251695121452
1541,-3.341572423501021
1542,6.040802286730114
1543,-1.258080238522552
1544,0.49468360992068344
1545,-11.418369735982195
1546,0.619310886305228
1547,0.802058132011769
1548,0.1929253282909277
1549,0.032203959471623356
1550,-0.3183181328885417
1551,-1.0247335996695233
1553,-0.7622482486224667
1554,0.6365879430836903
1555,-4.75829987210408
1556,-0.5857384191290796
1559,-0.9259769951892087
1562,-3.399806667911932
1563,-0.31561119956145517
1564,-1.1180006022614934
1565,-2.224448398448672
1566,-1.1015327698173407
1567,-0.32160525864704925
1568,-1.668112909716359
1569,0.3078072285801612
1572,-0.025200063761961045
1573,-0.1703438167618735
1574,1.3197270039416857
1576,0.766686731130906
1578,0.5344073978662529
1579,-2.7562589858049815
1580,-6.929361169671338
1581,-3.006569531675024
1582,-19.619792595046174
1583,0.5886303145753149
1584,0.5886303145753149
1585,-0.7871834667553766
1587,0.432518968725698
1588,-0.20304828611390022
1589,-0.9867815925774782
1590,0.5250251286653437
1591,-0.23847496431377813
1592,-2.273862724838654
1593,-1.3932536504603208
1594,2.457071799629269
1595,8.707709337856711
1596,0.5732741608253066
1599,-3.199128702017599
1600,-0.4992438537771463
1602,6.607928503033065
1604,0.5311645990514355
1605,4.4939380212068
1606,1.6751039709349917
1607,0.1813750484074635
1610,-0.11206025862269345
1611,2.01041166780728
1612,-1.3305245098668963
1614,-1.3174027976243585
1615,-1.3842355416595815
1618,-1.122032191000859
1619,5.357987753480589
1621,-3.0736329133560205
1623,-1.699869336584069
1625,-0.8707889852713048
1627,-0.36247551889156293
1628,0.11483298964751348
1630,-3.103504811022807
1631,-0.5838486624957535
1632,7.216516772642053
1634,0.12586976336863998
1637,-0.4515227970664988
1638,-0.3889109438665986
1639,0.10666837482212035
1640,7.330806459952403
1641,0.021125544805893542
1642,0.03793746022463437
1644,-2.851414882520111
1645,1.504362582609206
1646,-0.33340068789959687
1647,1.214759006112196
1649,0.6021854841828874
1650,2.3907090876736072
1651,-1.7469180452945574
1652,0.6662249373392004
1653,-1.0883600164635112
1654,0.16002325333609446
1655,0.9120554047326423
1656,1.9173829229943276
1659,0.9399018252753255
1660,0.4430056207735394
1661,0.15514179769061565
1662,0.6117620467066046
1663,0.20218159724726154
1664,2.037229515705436
1665,-0.2485879907879172
1672,-2.166817308942032
1673,0.9794525574238542
1674,0.5866003460219753
1676,12.12174239629969
1677,-7.962796794441229
1679,0.7036376444250698
1684,4.962712025507558
1685,0.9297862002187867
1686,0.31392316244086843
1687,0.03624143554480716
1688,-0.4162321794447644
1689,-0.3861615403389157
1692,-2.358364665685398
1696,0.9867319355518425
1697,0.2369473379032063
1700,-2.8708707744411104
1701,-3.750694620256752
1702,-3.152319011395383
1703,0.38807190817769754
1704,-0.0400221979792974
1705,1.8657914478276398
1706,-0.4804652556637951
1707,0.6721226037131689
1708,1.9578300831308704
1709,-0.438232742445542
1710,0.0
1714,-0.7158138489574422
1717,-1.7680510886688277
1718,0.5910145872321677
1719,-0.7383168814918202
1720,-3.2964170620774516
1721,-0.7514242419298423
1722,-1.7455089724850694
1723,-1.4080076391144714
1724,-1.0661364508588074
1725,0.1580981433385238
1727,-6.536993776894784
1728,-2.6289513601718024
1734,1.031250639784593
1735,-0.6981589649256915
1737,12.766416739792247
1739,-0.4162321794447644
1740,-0.21526708416783297
1741,0.3008888893331346
1743,0.42551680909888157
1745,0.04218867037483126
1746,-0.14532233729018013
1747,0.23987784372732635
1748,0.5083457778001426
1749,0.8067951967251826
1751,-17.956070703535357
1752,0.006573864855039496
1753,-8.142285838643256
1756,-0.3206032321106458
1758,4.445278583641308
1759,0.4291366468270551
1762,-1.6764592184155047
1763,-0.6298265830163918
1764,0.9956201098209836
1765,0.31507924213036975
1766,-1.1252704973889054
1767,0.25564641971692903
1769,-0.7054381280413462
1770,-6.2740094228859595
1772,-1.0642710087789844
1774,-0.167185174176835
1775,-0.1796689306122214
1777,-0.6239502173975355
1779,12.497610582216176
1780,-1.8077736418478243
1782,-0.8227596528288212
1783,-0.688650407990459
1784,3.9075039656566974
1786,0.49171248657086514
1787,-1.4704205229584881
1788,-1.8163851346303805
1790,0.0
1791,-8.630384424919603
1792,-0.9323629408523832
1794,-0.4593721100531477
1795,-1.635112735426709
1796,-2.7801884215516335
1797,0.9627227029835776
1798,8.489662019929554
1799,-2.8586329006164926
1800,-1.8630880359841204
1802,-0.9405617321524227
1804,0.29844941892504007
1805,10.124697325450816
1806,-0.39085158887391924
1807,0.41537304051334
1808,-3.3986174788901193
1809,1.3024355910905026
1810,0.21835750250203292
1811,-0.2648940658601851
1812,-0.4482094515343042
1813,7.247799840592218
1815,-15.423508210729985
1817,-1.7512800422096988
1819,-0.18785546734276218
1820,2.265225419127251
1821,0.3561902943839832
1822,0.17897673768059863
1824,1.078638643497892
1825,1.008538057348009
1826,-1.0055494161516025
1827,-0.038760365923923124
1828,2.436388033602809
1830,0.9161072846927706
1831,2.837701391808582
1834,0.6644479368690245
1836,-1.0853731705074243
1837,1.6431223840728224
1838,-0.43861579387956406
1839,1.7049179892746156
1840,1.4102557847816706
1841,-1.1742564326428693
1842,-0.9063344690883098
1848,-2.2771437961905363
1849,-1.424013554566526
1851,1.0204145652686074
1852,-0.8258965894026288
1853,0.3825307663500998
1854,-0.11962525363314952
1855,-15.753291697118556
1860,-0.8548479733243284
1862,-1.2122581298747523
1865,-4.031922892016978
1866,1.1524017689412944
1870,-4.637230840270483
1872,-0.8569270412833879
1877,24.87342216460754
1879,-0.34988030422262373
1880,-0.503975357244513
1881,1.1947973337564766
1882,-1.37831441491974
1883,-0.6315421663011476
1884,-5.086829346612519
1885,-1.6220265106671294
1886,2.82209540197481
1887,-3.064731394760269
1888,0.45109700179179046
1890,-3.2446386232077056
1892,0.5533520992371127
1893,-3.883728126786757
1894,-4.593094736016349
1895,-2.1853912431366607
1896,-0.2612167432271251
1897,-1.09727015216334
1898,-4.65963317397584
1900,-0.275892541961682
1901,-3.8595222521905392
1902,0.5771955817867578
1904,-0.6777733010716264
1906,-0.5492139426612068
1907,3.544448847717295
1908,0.56530922080137
1909,-0.12963135806510023
1910,8.435055481228323
1912,1.3819969151172733
1913,0.6218848017987608
1917,1.3944192649799414
1919,16.529077340974894
1920,3.1183143938071183
1924,-1.0983256224215565
1927,-1.8385675051413706
1928,-0.9170389283710713
1929,-0.9471685799328629
1930,-0.5507495308093984
1931,-0.46878337822994043
1932,-3.8129219772742236
1933,3.9511693913271273
1934,1.0046533388567072
1935,-1.228961165630577
1936,10.366617318311084
1938,-0.7850993642943964
1939,-0.7850993642943964
1940,-0.7850993642943964
1941,0.06370575872425058
1942,-0.3153184756609868
1943,-0.3153184756609868
1945,0.8779121580687337
1946,-1.2058506162258749
1947,0.20562828846184764
1948,-0.3153184756609868
1949,-1.57031128545182
1950,0.033832476401420036
1951,0.796899433899671
1953,0.24692630435926294
1954,-0.5033622553373691
1956,-0.5933923446219522
1957,-0.12883172628317024
1959,-1.618832745069286
1961,-10.857723820630017
1962,0.2375677951405683
1963,0.2375677951405683
1964,-0.6746749066437701
1965,1.3538029421865456
1966,2.0859566243377117
1967,-1.4871631027776022
1968,-3.111406573954526
1974,-0.20176428333933974
1976,-0.8560682766055215
1978,-0.675375435909313
1979,-1.0444495567940335
1981,-1.2616586555183589
1984,1.4278063871662408
1985,0.0
1986,0.28888242396767777
1987,4.19320750861921
1988,2.0581900990003326
1989,2.2702298204813722
1991,3.5865609193163133
1992,-0.5782993810076268
1995,-0.35388994767232107
1996,-0.5511018906054954
1998,26.241423758960497
2003,2.8502262999179777
2004,2.0430779255561156
2008,0.2002063584195226
2010,-0.29885331955630057
2011,0.0138078849634308
2013,-0.9717000447333589
2014,3.106053686289257
2015,0.5343552737738481
2019,-0.4162321794447644
2020,-0.4162321794447644
2021,-0.053651924468850754
2023,-6.1276268709146615
2024,0.7585679995378012
2025,-0.7812230868162752
2027,-6.10206386722296
2028,-0.9716538151376392
2030,0.5779421449328473
2031,3.2499238967804542
2032,-0.21415933547551827
2036,0.692238158421985
2037,3.407828769861765
2038,-0.4645508232189181
2039,0.47415100148432054
2040,-0.6599446152982378
2041,-0.7830741491600408
2042,0.1920028502520042
2044,1.5848351686757711
2045,-22.853149732986427
2048,-2.557170041616578
2051,-2.8514855490247526
2052,-0.7213688856184247
2053,12.559385269272873
2059,3.9732808395705868
2062,-0.2794835452040983
2063,1.846488001823685
2064,0.1387770057612972
2065,-0.71805499496493
2066,-1.0194463019684117
2068,0.0
2071,-1.8134144756337736
2072,-0.6823807160726174
2073,-0.6823807160726174
2076,0.04594989566054192
2077,1.254891896271222
2078,2.2298119406237693
2084,-1.165883540156105
2085,-1.1731551289729973
2089,-3.1882783304938345
2090,-0.229453265607134
2091,-0.6396006449481173
2092,0.5592811169220204
2096,-4.5355088408792765
2097,-0.46170354235678923
2099,0.11629810787477399
2100,-0.2031630115133949
2103,1.3401116516578706
2104,2.128662046527805
2106,-1.972793330260146
2108,0.05337633384199811
2110,-0.4162321794447644
2111,-1.145362602085276
2112,-1.9946571867373537
2113,-0.6979641306165002
2114,-0.6135476081225272
2117,0.8458144244764669
2118,0.5927720199258869
2119,-0.2331401843395117
2121,3.2735149465084783
2122,1.254891896271222
2123,1.5992858467685045
2124,0.48262392320684333
2125,0.5427412505515142
2126,2.8086620799021054
2128,-1.1480388071473748
2129,0.6659851040257287
2130,-0.13485922510505227
2131,0.3332227712429413
2133,-1.5243218760059654
2134,-0.28838838483653384
2135,0.6904935694907994
2136,0.2172236411524492
2138,0.8664290092590126
2139,-0.8494907208992106
2140,-2.071378903130133
2141,0.3370494910377184
2143,0.6664386551645114
2144,0.8672962007963352
2145,0.24009832612440873
2146,0.7351433631388506
2149,0.2215963552454653
2150,-0.7967932522461165
2151,1.67894706482841
2152,-0.5210677876273794
2153,-1.8329762690059326
2154,-0.5193727418313915
2155,-1.9440654174586272
2156,-1.6019212613319387
2158,-0.06299847405622469
2160,-0.17500195367314597
2162,0.04849125782529368
2163,0.7719389043873678
2164,0.0
2166,0.3124422779714727
2168,1.6709291741668293
2169,0.044536929201494435
2170,-0.31397853843093915
2171,-0.9540758211869423
2172,0.3332227712429413
2173,0.8377502264795107
2174,-2.0804787591737335
2175,1.4503303917925823
2176,0.6852602309452089
2178,8.604870994255467
2179,0.5510987011478743
2180,1.3777374828013667
2181,6.556369129127792
2182,-0.8445030255812982
2183,-3.9810162746269895
2184,-0.3025136329322242
2185,2.7482647185138154
2187,-1.6703536907343657
2188,-1.4965450090616894
2189,-1.4596189641430612
2190,1.3561899914046536
2191,-0.45547751397446634
2192,0.5863248827683323
2193,3.756275749827284
2194,0.189230280616142
2195,2.264673867824613
2196,0.4227892415980774
2197,0.6898986629601885
2200,-0.3816670158819971
2202,1.0048035430542632
2203,-1.5778353375709129
2204,-2.3771165718514458
2206,-0.8846579826385792
2207,-0.45455680582654034
2209,-0.5701790515989108
2210,-1.0997713610840798
2211,-0.6330443392545269
2212,-0.2383182717867178
2213,2.111057389986737
2214,1.9838177658718463
2215,-2.944012708225564
2216,-2.440448492381194
2220,-0.6489845155958698
2221,-2.382051279036256
2222,-2.83900462760764
2223,1.6805903354815634
2224,-0.7057881054739081
2225,4.455064233730044
2226,0.3803415049314689
2228,0.3338775332577359
2231,-0.4761116793104932
2232,-1.1992863860019245
2233,-2.6338219935262455
2234,-0.6315421663011476
2238,-0.45455680582654034
2245,4.634172529305433
2247,-1.8490202988151108
2248,-0.2648940658601851
2249,3.1409000413247448
2251,0.29884617480744974
2253,14.808765662955258
2257,-0.825751227570725
2258,0.7770427978899491
2259,-0.4971372967107183
2260,-0.5337155711667751
2261,-0.8957164387834599
2262,-0.9143923100512199
2263,-0.02372310912007397
2265,0.8024759182882918
2266,-0.3160604868192981
2268,-0.1795606351072635
2269,-12.801294526386648
2270,-2.994800844217769
2271,-1.3990602031917863
2272,-2.9248973970048744
2273,-1.2734901652421895
2274,-2.474331004795001
2275,-1.1091068947105454
2276,-0.14736284683522838
2277,-1.5244832185722192
2278,-3.4129789181638364
2279,-7.067042703382798
2281,0.6512425859114142
2282,12.81945007771881
2284,-0.30447342873928324
2285,-1.8006228997515348
2287,-1.495657131637278
2288,-1.7968324432613212
2290,-0.16500192519310658
2291,1.7410617034737559
2292,0.8631723813225656
2295,-1.1769392249522956
2296,-0.4162321794447644
2299,-2.699550951042599
2300,-1.290926159264247
2301,-0.9712552908435357
2304,1.9704963643944235
2306,-1.1559850195198846
2307,-0.4168798388325595
2308,-0.9326207771394349
2309,-0.9086023164611213
2312,-0.4636172927063963
2315,-3.489743946832906
2319,-10.65652904157096
2320,-0.21415933547551827
2321,-1.2443501572100433
2322,-1.0887371732785232
2323,-0.4946113875795515
2324,-0.5343927631367007
2325,-0.02496283561643803
2326,-0.5343927631367007
2327,-0.4946113875795515
2328,-0.85599802178375
2329,-0.15663415170753642
2331,-0.6758628778323075
2332,1.6147368919820184
2333,-0.0028404165194815256
2334,0.0
2335,2.2742469157506005
2336,-0.7564226845610831
2338,-1.2533700618888217
2339,0.2753795578151224
2340,-2.129554354743215
2341,-0.7436198204558859
2342,0.11684219902293536
2343,-1.347759797168852
2344,-0.8305558419516197
2345,-0.785185847865984
2346,-32.531532900347784
2347,-1.0875371004156522
2348,-1.2362270081123092
2349,-0.5016261564441751
2350,-1.423434458698156
2351,-30.76050540006786
2352,-9.162692192794143
2355,-13.520010753096324
2357,-1.5779539427537
2358,-1.2573973861231096
2359,0.4674819815553286
2360,6.067625824616805
2361,2.0646655901668147
2362,-0.2633237658650136
2365,-2.325283164937916
2366,-0.3476448634990209
2367,-0.6569203794562297
2368,-2.706474418844879
2369,-0.6799780630234573
2370,0.48214344087584826
2372,-0.0020359255016680344
2373,3.909632134718529
2375,-4.129563344598161
2377,-2.056107369624688
2380,10.224821071383419
2381,-6.785756106297104
2382,-0.7891718979555125
2383,1.114789334631602
2384,0.6019270175186744
2385,-1.8997067408842665
2387,-1.736253690814856
2388,0.030617284875443324
2390,0.5111922494018184
2391,-0.8885473532830832
2393,-1.5648367371924594
2394,1.3555601745459915
2397,1.2349945334810761
2403,-2.1769948362702376
2404,-6.328568236608534
2405,-3.161677419481753
2407,-4.702527546918856
2408,0.23897928732985246
2409,2.4698235109536006
2410,0.317753559636943
2411,0.02350600423643734
2412,0.306225521827095
2415,3.2559784559526834
2416,-0.20176428333933974
2417,3.261290903351031
2418,1.765633446960345
2419,-0.2217293305218696
2420,2.029220606031593
2423,0.0
2424,-0.7551743958593687
2425,-1.5518834202484126
2426,-0.9079559461418761
2427,-0.6724882284885356
2431,-0.6752028394540011
2434,0.9549541357368454
2435,-1.4255189924785583
2436,1.8476270187494663
2437,2.752740362012374
2438,-2.1607873312809174
2440,-5.0973836721741765
2442,-1.5338665288056095
2444,-0.9001765550069658
2445,-1.2202100546767451
2446,-3.0975132468141506
2447,-0.98163370777107
2448,-0.7660940552272756
2449,-1.0667557122591402
2451,-2.4209733525860644
2453,-0.42407420313624833
2456,-1.1303594250264224
2457,-1.2821883694126228
2458,1.3781409988701294
2461,-0.5652084162890054
2462,2.8370461185330793
2463,-2.8361367835622464
2464,-0.7037951004819283
2465,2.9343282936464727
2466,-6.291726957071249
2467,0.45960286747825796
2469,-6.5841251390386315
2470,-0.06883494134908699
2473,-0.5293491239169712
2474,-0.028035933565806803
2475,-1.0719189715741861
2476,-1.4395032860403956
2477,-4.127559836469202
2478,1.529904454874704
2479,-2.1478905253707232
2480,-0.9833060719539078
2482,-0.6334334227692773
2483,-2.1395623027669055
2486,-2.228707292107165
2487,-0.0323021634151221
2489,-0.2331401843395117
2491,2.237439350547258
2493,0.6493615036935745
2498,1.1635415306564676
2500,-0.20088840468717592
2501,-1.1722400946981801
2502,0.579395736707278
2504,-0.37307937088995724
2505,1.03149254895653
2506,-0.6395774682011772
2507,0.5008316932079543
2508,0.43123124912097166
2509,0.6887662001942438
2512,-2.904161095120546
2513,0.9388501914394605
2514,-7.848201925404086
2518,-0.7493461002726455
2520,1.157292963589012
2522,0.13867784562087043
2524,0.354664523567095
2525,-0.46774919310633756
2526,0.2926151243889022
2527,0.5003728943763129
2528,-0.707113908403258
2529,-1.0544378681696014
2530,2.313240049654639
2531,0.1962859396447132
2533,1.6823435098801014
2534,0.2554547898336981
2537,-5.1247820813319
2538,-0.8950923613977172
2539,-0.7851416143220781
2540,0.049163461696368066
2542,-0.3588329370692829
2543,3.465147893633359
2545,-1.9843857787802939
2546,0.21464270796653653
2547,2.3989192999252777
2548,-1.11557930944996
2549,-1.9148914239625654
2551,-3.9134839474806404
2554,0.028778834165236855
2555,-8.031822351815515
2557,0.8370988190931186
2558,-0.9501577362738015
2559,0.09030409332318673
2560,1.3912396706682129
2561,-0.49940786920510233
2562,0.35677337587057345
2563,5.382380191002749
2564,-0.2644983734114549
2565,0.8381607259709845
2570,-0.276092719111793
2571,-0.4674704897938566
2572,5.205641760895729
2574,-3.684003234824774
2575,0.5151813978047596
2576,-0.2582975895208445
2577,-0.5185956363751358
2578,-0.8161428394238336
2579,0.5700817053301735
2580,0.5085252893919907
2581,0.3688005447974938
2583,-0.4914734290464838
2584,0.5492636192502921
2586,-0.44052941232548926
2587,-2.112942012840297
2589,-0.12451697022033206
2593,-2.563015283853577
2595,7.661905834814078
2596,-5.79672993153352
2597,-2.77601831425824
2603,1.3681335730318884
2604,0.4575601670837953
2605,-0.7020064605527955
2606,20.3565922265459
2607,0.6038373859802139
2609,-4.705818541664936
2610,1.4528800378641114
2611,0.1537955555419564
2612,-2.4435691730471163
2613,0.6773221162576826
2614,-0.515100136559828
2615,1.0795889712273867
2616,0.8453110061891087
2617,-0.29035410840032627
2618,-1.0484901829474447
2619,1.5541574366308633
2620,-0.9734332745794604
2621,0.34917021610826665
2622,0.31206982921561266
2623,1.415519716702949
2624,-1.313406808119925
2625,0.6773221162576826
2626,0.8532977768558168
2627,0.22356292771789718
2628,-0.48634682669069906
2630,-0.4639384595652219
2632,-2.195525154050924
2633,-0.9150447408799544
2634,-2.191672580349409
2635,0.3799954566256333
2636,-0.9411735159698301
2637,1.7388305913688638
2638,-3.4941279502355846
2639,3.0382533979292607
2640,0.7099267598014458
2642,-0.18845967244640496
2643,-1.0170443768706658
2645,-0.5472775727896058
2646,-1.6142139718252924
2648,2.0000421550351417
2649,-0.8864007744281528
2651,-4.012914964774601
2652,-1.7343565960530518
2653,-0.7445697778667066
2654,1.3931396851389093
2657,-0.0011889189879522588
2659,-0.9881374816369652
2662,-1.1271827970867523
2664,-0.950119809183728
2665,0.33797723587201506
2666,-0.8383845763463231
2669,-0.47370101960571553
2670,-0.436978785702537
2672,-0.6136692110339974
2674,1.4790628547854616
2676,3.593630576613711
2678,5.090491590846435
2679,-0.5785598216213611
2680,-1.9851278977431623
2681,-0.7818520170683572
2682,-0.2513404265152738
2683,-0.6154688528980699
2684,32.53690761667115
2685,0.8101569536995543
2686,-0.4162321794447644
2687,-0.3006346940684542
2688,-1.3337139305751806
2689,-0.497180818987773
2690,-0.05227218412367313
2691,-0.8799602991335209
2692,-2.2589735916848017
2693,-0.16335506705816114
2694,-1.392835884146816
2695,4.0023718317564665
2696,-25.369392485826992
2697,-2.1480740195203474
2698,0.7812849681875196
2699,-0.6381231108850616
2701,0.36988593928016994
2706,-0.8534747654345739
2709,0.6621761063376566
2710,0.3751846136643873
2711,0.7334515879899124
2713,0.1746984153281137
2715,-1.152705009936279
2716,-1.277008677287975
2719,-1.9475270531736624
2720,1.6337729683551354
2721,-9.93019309257318
2722,-0.03843714157375422
2723,0.05677025119110199
2724,0.05677025119110199
2725,-0.5593962392654817
2729,-1.3940722525846245
2730,-1.914202421385074
2731,0.4497655080096572
2732,-1.328598689403849
2734,-2.295583232604783
2735,-0.20304828611390022
2739,0.45651328054998036
2740,0.5286884772704706
2741,0.2551671634759937
2742,1.026095877951116
2743,1.01558584881316
2744,4.238032311691878
2746,0.3952973986028196
2747,-0.6467786297710508
2748,8.224364639687971
2749,-0.6718418709896593
2750,-1.358537037681915
2752,1.838941224077832
2753,-0.6048783790898689
2754,-2.9902999325931785
2755,-0.924776266125993
2758,0.942850133387158
2759,-1.8524233532690266
2761,-0.9324437870588842
2762,1.1034238479144296
2763,-2.706898250219538
2764,4.3171976427804255
2765,1.8784508986149115
2768,1.0514048675732846
2770,-0.682280240310819
2771,-0.22587382822171984
2775,-0.653293865007696
2776,0.8466795257493513
2777,-1.1702584993275167
2779,-0.19729510759218533
2780,-2.60854424300382
2781,1.2579103470521322
2782,1.3448789652822852
2783,0.8577594896129911
2786,-0.4448145123889041
2787,1.4808113327467005
2788,-0.462530787923091
2789,-1.3052915243673444
2790,-0.48256486703516915
2791,-4.741004780743968
2792,-1.9933200761067322
2794,0.06610548115312329
2795,0.6404049306747196
2796,-1.4424361388932039
2797,0.8641050790832002
2798,-0.6462596949643874
2799,-0.6974087326017984
2800,-0.7087385663286665
2801,-0.09755420467169867
2803,0.8370745233839554
2804,-1.1303319651677677
2805,-11.46289047853115
2806,-0.85301477152694
2807,0.4903444551503289
2808,-13.794932559746385
2816,1.6857641959091367
2817,-2.411307737231938
2818,-1.3115673786209383
2819,0.19080622823438825
2820,0.1359816164927682
2821,-2.184186048048917
2822,-2.6934588939077084
2823,-0.8522169954438161
2834,3.4952990240017754
2835,-0.13064185772098552
2836,-1.6916259773316793
2838,-0.7276929967384025
2840,0.14566426870552607
2843,1.1022120041982535
2844,-0.6875046437169111
2845,0.4254298879112064
2846,0.4296809373041433
2848,0.29844941892504007
2849,-3.759378053402467
2850,0.23787694306332274
2851,-0.44267518836495534
2852,1.4563145033795881
2853,0.2349125664181009
2857,0.43052937086539506
2858,-0.42407420313624833
2859,-0.42153914731895825
2860,0.7444580407987704
2861,2.7157330752576376
2862,-0.5173977152380007
2863,5.300903837322796
2865,0.4619698277066494
2868,0.25075440552632233
2872,-0.43414675266218516
2874,-0.01348121999550933
2876,-0.19905322175413728
2877,1.3977341282921585
2879,0.608628559285139
2880,-0.4818728045540257
2881,-0.7584196307614911
2884,-1.5347536824818038
2885,-0.8791347437702643
2886,-3.5569577501089675
2887,0.1279101452827842
2889,-0.41168094068830147
2890,3.0768942822914096
2891,13.387084689993964
2894,0.30099117142145987
2895,0.4516328922696098
2898,-0.36752678935843275
2901,-0.6108836081164216
2902,-0.026835836787671596
2903,0.3633605868317077
2905,-0.6759886586088149
2906,-0.4530858105654473
2908,0.3890231359764966
2910,-0.3028806861908722
2911,-0.2280783569351178
2913,-0.08862251505613306
2914,1.0318174880292663
2915,-1.391814627707542
2916,-0.035548190997409385
2917,-4.800034527073876
2918,5.444917600592704
2919,-3.427491438720954
2920,-2.1419474425128953
2921,-2.1419474425128953
2922,1.3921346291601417
2924,0.3173724228826384
2926,1.5918082418093098
2928,1.883151113714807
2929,0.010341852304487642
2931,-0.7161920404318829
2932,-1.5002651790269057
2934,1.2875912269543668
2936,-0.8390122542916487
2937,4.2235174369613935
2940,-26.864848945217137
2941,-1.0794411693748547
2942,-0.4406016949730919
2943,-3.5061313048025107
2946,-0.4162321794447644
2949,-2.0295868550720773
2950,0.7278157323990972
2951,-1.2650147518311332
2953,1.5231720385346974
2954,-0.06358150392555495
2955,-0.33335402650286855
2958,-0.8742066171376974
2959,0.30099117142145987
2960,0.7368634624348495
2961,1.373252301386371
2962,-1.58856405622868
2963,3.5138465785264623
2964,1.993223451115583
2967,-0.39585645649909385
2969,-0.25920130819074555
2970,-0.0742026525098097
2971,-0.5524198377108437
2972,-4.9054553282531534
2973,1.4988156027240893
2974,-0.23956129903700907
2975,-2.224849136374786
2976,-1.0216697815305926
2979,-0.6589021810399589
2983,-0.9117868524425667
2986,0.6116265443082642
2987,-0.3106061816465741
2988,-1.3304021198000044
2989,-2.330655109052171
2993,0.37390321982131586
2994,-0.45596010143596943
2997,-0.38853869146132103
2998,-0.027724783401840036
3000,1.069453417393819
3003,-0.5759732148689133
3004,0.0
3005,-0.2698457079899352
3006,1.287903885613522
3007,0.33797723587201506
3008,1.7662217839208803
3010,-0.37376407308970894
3011,0.2882112334636175
3012,0.5058148646423897
3013,-0.2648940658601851
3014,-3.458666882429773
3015,-3.106173121927901
3016,1.2147793949428454
3017,-5.484348915176263
3018,-2.1712204408038493
3020,0.9207603087623002
3022,0.8129818405011561
3023,2.1585335058964086
3024,0.8722510746682388
3025,4.100637234020211
3026,1.6819621287767121
3027,-0.9684683213792035
3030,0.7481892786096951
3031,-0.5193727418313915
3042,0.07702747017476091
3045,0.838335357169816
3046,1.028902444368782
3048,1.5745544718777797
3049,0.7302050588502882
3051,0.6480223272474822
3052,-0.4440979491688287
3053,-2.8277745574490694
3055,-0.9421839388306812
3057,1.0068252478935311
3058,-1.1883527009752384
3059,-2.305411449452352
3060,-1.181165335827841
3061,-1.1877879620234626
3062,-0.09989917778790836
3064,-1.5880428541979228
3065,-6.581187026781207
3066,4.74413719849741
3067,-2.838770003177699
3068,0.31435972441207694
3070,-1.964534238878487
3071,-1.9852270706485886
3072,-0.4162321794447644
3075,-2.3669930489343276
3079,0.19211812439079606
3081,0.0
3082,-1.0507970373449294
3083,-0.42637863597152625
3084,0.9929079713295832
3087,-0.9123776097413219
3088,-0.5036594562884398
3089,-0.7054381280413462
3090,-1.1457408394720932
3091,0.38589928348829594
3092,2.079228534664245
3093,1.313209240592966
3094,-0.6633470928551463
3096,-1.0930699404818012
3097,2.6869806310777706
3098,0.45322881274821425
3099,2.273799778860348
3101,0.47489806890966824
3104,-1.5692173060988786
3105,-1.002355381850049
3106,-1.7932888168223602
3107,-1.3284894540724335
3109,0.07347236515096928
3110,-0.07752401920685875
3111,1.5865957893598341
3112,-2.7268533742947714
3114,1.4777037479318427
3115,-0.31928170850619086
3116,-0.2659255721020073
3117,-0.2659255721020073
3118,0.19087149501619063
3119,0.22976247897668073
3121,0.1891701884852582
3122,0.2659110632097331
3125,-0.32160525864704925
3126,1.7957061455934626
3128,-0.9414926409326729
3130,-0.5115516037176948
3132,-0.15178291349696574
3133,0.1680913844532399
3134,-0.19235638645070477
3136,-0.5840078543239444
3139,-0.6806557384490082
3140,0.9244760076124746
3142,0.248144579375065
3147,-0.5334242562367658
3148,-0.8541227394356139
3150,-0.47601037126030943
3151,-0.47601037126030943
3152,-0.47601037126030943
3153,-0.43622899570316015
3154,-0.47601037126030943
3155,-0.47601037126030943
3156,-0.47601037126030943
3157,-0.47601037126030943
3158,-0.47601037126030943
3159,-1.0247335996695233
3160,-1.5113849363730405
3164,-0.47601037126030943
3165,0.3209830282659784
3167,-0.47601037126030943
3168,-0.5914262825847681
3171,-0.5914262825847681
3174,-0.5914262825847681
3175,-0.5914262825847681
3176,-1.7464657697836432
3178,-0.9892422190521469
3179,-0.5914262825847681
3180,-0.5914262825847681
3181,-1.108895376800606
3182,-0.5914262825847681
3183,-1.3779795113677882
3184,-0.6563089838380015
3185,-0.5914262825847681
3186,-0.5914262825847681
3188,-0.6931224781704994
3189,1.1110694930813365
3190,-2.648365911991419
3191,-1.2062135507188667
3192,1.6172993186668085
3193,-4.263330341190869
3194,-0.6442071755954579
3196,-11.927155896637665
3198,1.4445986425596045
3199,-0.0462530639405635
3203,0.8674205228759619
3205,-1.173931697063314
3209,0.8006737957159152
3210,-2.537597761012882
3211,0.26137081924908867
3212,1.1416638345395835
3213,3.106359545517934
3214,1.3571021873259124
3215,-0.9570517417752288
3216,0.37959390819823774
3218,-2.4906619654329947
3221,0.7273807350070981
3222,-0.43864414940582896
3223,0.908872039250656
3224,0.5684802588025473
3225,-0.006985668494883079
3228,-2.622884064039044
3229,1.7061425316266825
3233,-0.595852603235808
3234,-2.058441491755609
3237,-0.32496964280367524
3239,0.6221179042913708
3240,1.7767051583801416
3242,-2.241227614827744
3245,0.6405528218058946
3246,-0.6611911653314196
3247,-6.569873079253898
3248,1.063813779584442
3249,0.3714611584098303
3250,-0.11245097044702707
3251,0.06791295432865646
3252,0.0
3253,1.527039111588595
3254,1.0474959644224708
3256,-0.2722963102228216
3257,0.8914645389347587
3259,-0.632056639993474
3260,0.0
3261,3.7247027712640484
3262,-2.2829035955072112
3263,1.1290886390482207
3264,0.07041168388742192
3266,1.0935114345681876
3267,6.303644412006961
3269,-0.6867068655558536
3270,-0.7843906544758501
3272,2.125377813874526
3273,0.12526468463949608
3274,2.836009130555382
3275,0.13120315347617245
3276,0.9322788772529846
3277,2.2630124784063987
3279,1.568102492218798
3280,1.1924039501110661
3282,-0.20839658512246959
3285,0.6950834231875594
3286,-0.43640481915424517
3287,-25.316192421986003
3291,-0.5379930693244677
3292,-2.624864238135552
3293,-0.6664168083256061
3296,0.8764506085121377
3298,-0.5933923446219522
3300,0.22905113655994888
3301,2.215779235604821
3302,0.30484173369459816
3303,0.2602164202947238
3304,-0.5062609447492363
3305,-1.3078182992949714
3307,0.36464065067859075
3308,-0.42407420313624833
3309,0.0700260025551501
3310,-1.319063484177893
3311,-1.7631847349079126
3312,0.0138078849634308
3313,-0.5158300610181834
3314,-0.2782909105692498
3315,-2.406777504276053
3318,-0.6878671703048324
3320,-0.09639330878642222
3322,1.2430282661911258
3323,-0.361736083807662
3324,-0.6315421663011476
3325,-4.282735782504627
3327,0.6221179042913708
3330,1.8779099933921977
3331,3.2726319487314153
3332,-0.3750158909791603
3333,0.6221179042913708
3334,0.07615447956746127
3336,-2.2620124091288667
3342,-0.9226221212379795
3347,-0.6638899437819772
3348,0.13773807210494066
3349,-0.8516580776504932
3350,-1.1168523555616383
3352,-0.792457328962868
3353,0.6221179042913708
3354,0.6221179042913708
3360,0.0
3363,0.7282821260063088
3365,-0.26187902007935293
3367,-0.7950904015881572
3368,-0.758415672006383
3369,-0.18785546734276218
3370,-0.3893341376518075
3371,-1.15792566442831
3373,-0.6491835422862795
3377,0.07722194335007701
3378,0.23466958237091418
3379,1.7694812342424027
3380,-0.364002533407514
3381,2.9165869348548283
3383,0.06215402254875707
3384,-0.2145946041362646
3386,0.0
3388,-0.04540211900623456
3390,-0.8969474360238752
3391,-0.5101556028126704
3392,0.0
3394,-0.1818257665363726
3395,-1.181849007773056
3396,-0.8658955309627498
3400,1.12249858075227
3402,-0.3921983308894931
3404,-1.9200928276592404
3405,1.9380390987193725
3406,-1.509849270731713
3407,1.1035695203675433
3408,-0.4669312128788944
3409,0.4411046442422164
3411,-1.132153105886051
3412,-0.23858227228217904
3414,0.0
3423,1.337597144418077
3424,-0.5007896644136228
3427,-1.8182951906269604
3428,-0.8182105014152832
3431,-0.233077522315957
3434,-1.595684175005603
3435,-0.44476208191243205
3437,0.0723675504043774
3438,-0.6962703023041177
3439,0.5144916889285169
3440,1.9613325624900244
3450,-0.8408919958767329
3451,3.8890392700399414
3453,3.912307594914213
3454,-0.4779463679343664
3455,-0.5645633757024833
3457,0.4267109139857769
3458,-12.457490900172086
3459,-1.675664386421609
3463,-14.620589954596538
3466,-1.444974579050778
3467,-1.289323018312313
3468,-0.2354329063489576
3469,-1.700122468697249
3470,-0.9670095498548826
3471,-0.49430464520175854
3472,-0.03938252235876541
3473,0.8221305071028959
3475,-0.8769388811056696
3476,0.2853715976048683
3477,-4.124592870324394
3478,-4.533279101533273
3479,-0.48278602407722243
3480,-1.9252341230752301
3482,0.9275889155365024
3483,-39.634610397663515
3486,-1.3906339839345971
3488,1.8961121784429844
3492,-0.7035577483403466
3494,-0.8688362850486804
3495,0.042840499030736084
3496,-0.6686876992113022
3499,0.18266167723995047
3502,0.0
3504,-0.43538619443037696
3505,-2.8589794033829405
3507,-3.0519797474562447
3513,-1.1160560710293803
3514,-0.14569312599989828
3517,-0.3283813737249107
3518,-2.202045458536438
3519,-0.8632322801286457
3520,0.0
3521,0.9273027699523255
3522,-0.296594617183431
3523,0.06587567866222277
3524,1.0126068751412354
3526,-1.7428778769540563
3528,0.5252701815066405
3530,0.5007616032913482
3532,-1.0655967489541274
3533,0.42065717735332864
3534,-0.906504236585404
3535,1.2405073755551728
3536,1.459730817038088
3537,3.043227083227175
3540,-1.9034029277617521
3544,-0.42407420313624833
3545,-1.7316615167250942
3546,-2.5635115964716064
3547,-0.6797201546958402
3548,0.8809241689984997
3549,-0.7634273126495091
3550,-0.7634273126495091
3551,1.5046685141345977
3552,-0.3313960134822569
3553,0.5276029683516678
3554,0.2814180817314262
3555,-0.6015999528962157
3557,0.2250859943133371
3558,-0.4019303678826657
3561,0.6221179042913708
3564,1.3273973779857557
3565,-1.00605565065548
3568,-1.3440163304629253
3569,-0.8658955309627498
3570,-1.1456046868322283
3572,0.6221179042913708
3577,-2.0634726015377507
3578,-2.0634726015377507
3579,2.124224683929059
3580,0.9250841023188927
3581,1.246925558726618
3585,-3.2438780749501763
3589,-2.2975257655094867
3590,-0.8188547508595955
3592,0.5990468010056132
3593,-0.3034017786117209
3594,0.0800271217288902
3595,-0.04151198457961741
3596,0.7971604283647095
3597,-0.27162400027479316
3601,0.6177248506775057
3602,6.988169155807907
3607,-4.905658060202976
3609,0.035084011607707355
3611,-0.9355280412383795
3613,-0.0644750256184159
3614,-0.4162321794447644
3615,-0.4319215231762512
3617,-1.2617880727927975
3618,0.4466998502974897
3622,0.2628196059762907
3626,-0.24352954086494638
3627,-1.2277920447993804
3629,-0.7104707138477773
3630,-0.8642545650910718
3632,-0.5045206816144491
3633,-2.035268709883102
3634,-0.42407420313624833
3637,5.539258545978007
3638,-2.382392478266695
3640,-0.9362801764760185
3641,0.09668751716738
3642,-1.4339248537811473
3643,-0.8110586991339321
3644,0.8138515764794997
3645,-1.8386626192882276
3646,-2.088988089582611
3647,0.10880863739349222
3648,0.5421147157881252
3649,1.581377216938667
3650,1.8362180027491353
3651,-1.587256820134166
3652,0.7457295671726318
3654,0.29844941892504007
3658,-1.462662933951991
3660,-1.6020767380403462
3664,-0.5451259325387443
3665,-1.324820252588149
3666,-0.48278602407722243
3667,1.1789177704623939
3668,-0.7372030979859363
3672,0.38589928348829594
3673,-0.4099124176761608
3675,0.39159632476276424
3677,-1.2509243430971992
3681,-1.0737947652526754
3682,-3.0797118411944306
3683,-0.0031177855862778436
3684,-0.312291315906559
3688,-2.17530062822837
3693,10.45337307816098
3695,-8.508691941072723
3696,-0.5734438028403817
3698,5.78387522953416
3699,0.11789517987905546
3700,-4.070845193061978
3703,-0.00376991479365979
3705,-0.05851606335819215
3707,1.6005717915486577
3708,-0.07352049051646514
3710,1.2617936396912004
3711,-2.0887318751584036
3713,0.9374798367385985
3714,-1.5852754173080665
3716,0.0
3718,-0.2693671667555312
3721,0.12582099683135498
3724,8.381375531548848
3725,-1.1755356505487315
3726,-0.9659011192824911
3727,-0.5214268238964245
3730,0.2305018018517757
3731,-3.1602233165349722
3733,-0.9015700117935286
3734,-0.9887141127579324
3735,-1.0383163883381488
3737,0.006089907977929687
3738,-0.6433878715642767
3739,0.9371798041646638
3740,-0.5234276448191213
3744,-1.7963948389425695
3745,-0.3417921140303464
3746,-0.6491835422862795
3747,-0.7970229215858528
3748,-4.556249693422329
3752,-2.573946398827452
3753,0.2835185275573979
3754,-0.6433878715642767
3755,-3.4482052600247273
3756,-1.0338108541088933
3757,0.4287598534157899
3758,-42.38987718990717
3759,-26.847605361967663
3760,-30.27167144986748
3761,-1.144829124542685
3763,-4.525333032254652
3764,-0.8620642876423286
3765,0.30572121965687077
3766,-0.6919594980006384
3768,-0.6433878715642767
3770,-6.614721786854614
3771,-6.683382449492872
3772,0.5482816170923588
3773,0.7370677158876957
3775,1.0311519860973017
3776,-2.498565593890448
3777,-0.39585645649909385
3778,-0.677299481671477
3781,0.20438168433870882
3782,-9.326558467445357
3783,-4.065732435726414
3788,-0.38725721552038367
3801,-1.0999158965820306
3804,1.7401922101599423
3808,-0.4259724788057223
3809,-0.8030831483946261
3811,-1.2821401867673634
3812,-0.756510784047767
3813,-0.35181402792727656
3814,0.059920211944020196
3816,-1.159499335042857
3817,-1.7359371121837543
3818,1.0132877424369426
3819,-0.009896115276453676
3820,-0.34544673319056796
3821,-0.584296183447782
3822,0.17576896423444602
3823,-1.2733036741702526
3824,-0.426951817506581
3825,-0.2383182717867178
3826,0.2972096769350867
3828,-0.4463574992956081
3831,0.17562010960553243
3836,4.225358794326618
3837,0.06265721046266698
3838,0.5607275643832517
3839,-0.4259724788057223
3840,-1.0338108541088933
3841,-0.6433878715642767
3843,-0.1970881455286109
3844,-0.8578094532323295
3846,-1.7397545966520007
3852,-2.5576841490413385
3853,0.6035755622260177
3854,-1.629728617961107
3855,-1.5818172300901592
3857,-1.1376584508430057
3858,4.36520807832426
3859,0.6672469132818737
3861,-1.979268774019612
3862,-2.26198055704403
3863,0.1813750484074635
3865,-3.9673557569849525
3877,0.07516097440908256
3881,1.541209326685432
3882,0.8994267194660661
3883,0.33241745792937094
3885,6.385904180532973
3887,-0.4826465567174932
3888,-1.9730383323116198
3891,-0.5314712238263548
3892,-0.7195045592179479
3905,-0.7316828825717162
3911,0.37959390819823774
3913,0.47319968884057223
3914,-5.5232247541465815
3915,-0.6434898829503398
3916,0.2212578949772666
3917,-0.4241129835827743
3920,0.045784866845395594
3921,-0.18785546734276218
3923,1.4713278223522714
3924,-1.8699905096219747
3929,1.6797387923525355
3931,-0.7845125582417023
3933,5.071228434323393
3935,0.09212193320981599
3938,-2.0087522776771456
3942,1.5410449225307303
3943,-0.38825863725155596
3944,-0.4840171498039886
3948,-0.47606807250034067
3950,0.274196531943062
3951,0.6030155734518917
3953,-2.0433744435821724
3954,3.8146823134850427
3956,-0.3662769164827385
3957,-1.5217955862286732
3959,-0.03281462350347797
3961,-0.4579666423946242
3962,-0.5613317151256539
3963,-0.3876123720900421
3967,-0.5734438028403817
3969,1.117127799976023
3970,-0.6484243511210527
3971,-2.7480209605168615
3972,-0.5951637374873573
3973,-0.5377683342447932
3975,-0.4971372967107183
3977,0.6238992767095557
3978,0.5429734117415672
3979,-1.5118323073633444
3983,-1.4055635794772514
3985,1.5301877469209533
3986,0.3067751556979317
3987,-0.043389511140592
3988,0.4504488153687341
3989,0.057268344049098474
3991,0.2537629777711068
3992,1.3592693835608525
3994,0.0009070892369935635
3995,-0.871077443916489
3997,-5.531278138633126
3998,-0.2648940658601851
3999,0.4504488153687341
4000,0.4504488153687341
4001,3.171056237841726
4003,-0.4556152735431244
4005,-0.7483437354493311
4007,-0.7035577483403466
4008,2.2987007475811527
4011,-0.8923823126352644
4026,0.0138078849634308
4027,-0.242333665829489
4029,-0.4398360971607571
4030,-1.0522134066100624
4031,-0.274027725758439
4032,-1.7039954914640267
4033,-0.20620158770881036
4035,-13.794932559746385
4038,0.30162427573820494
4039,-1.1640740458400283
4040,-1.1395036678225583
4042,0.28918965000132024
4044,1.1759344875296205
4046,0.512337049868496
4047,2.7077345534684296
4049,-1.1259631811214008
4051,-0.02841934455998485
4053,3.2655972342228154
4054,-0.23538719522007545
4057,0.044447733784000965
4059,1.5600220355131942
4062,-2.6808802033973307
4065,0.4419982554585827
4068,1.1424660002935823
4073,-2.0433744435821724
4075,-1.865950560378151
4076,0.003509661311352552
4077,-0.19358203296218876
4078,-2.4298875031286977
4080,0.054592358869640256
4083,0.38798094337909816
4102,-3.3275202422813845
4106,-1.8263220425197875
4109,-0.42342587645740276
4114,0.0
4115,2.2051415846848808
4116,0.5132408141514331
4119,-3.045963488457254
4120,-8.561860080706172
4123,0.15768805831025423
4124,5.421889128752952
4126,0.38589928348829594
4127,-0.18785546734276218
4128,-0.8740188002241664
4130,-1.3421157211578334
4131,3.4905536742434125
4133,0.38589928348829594
4134,0.13614076976113687
4136,1.0568037103561816
4137,-0.8709737475638196
4138,0.38589928348829594
4139,0.5695960539890008
4141,0.4449368109799053
4142,-4.151957696375823
4143,-3.0302175581533453
4146,-1.001260480412366
4147,-0.6842342437979338
4148,-0.48278602407722243
4149,-0.5234276448191213
4153,0.20272878763008068
4155,-4.0230652788450705
4156,-0.14897450043380292
4158,-1.9546520994100687
4160,-2.4298875031286977
4161,0.0943387220737654
4162,6.592441231786262
4163,0.4879473584668951
4164,-3.0409036742087525
4165,-3.0409036742087525
4168,1.990215387678015
4169,-0.39585645649909385
4172,0.0
4173,-1.2417078302327926
4174,-0.18533794855313704
4178,0.33797723587201506
4181,-0.3497889248707437
4183,-0.12615399195011762
4185,-0.33700896344810294
4186,-16.627125969716417
4189,-0.29736222882357155
4190,-0.5912855700033119
4192,0.3142346769011111
4194,0.3428093765933213
4195,-1.3031934317373592
4197,-0.47887668932618477
4198,-2.365180221520191
4199,0.28918965000132024
4200,0.28918965000132024
4201,0.0
4203,-4.170130139082448
4205,0.3078880971159452
4206,-0.5943241609312626
4207,-0.7129599309190457
4208,4.91435434974512
4210,-1.2321806403348743
4212,-0.4350181730085583
4213,-0.20088840468717592
4214,0.38589928348829594
4215,-0.7276587577898284
4220,-15.576687470865714
4223,-0.8581236468684232
4228,-0.24352954086494638
4229,-2.2427619687093254
4230,-9.999824988574666
4232,-0.6015999528962157
4233,-0.6749849659387508
4234,-0.293409353344114
4238,-0.7776111855483239
4239,-1.2653157708116156
4241,-0.41888500377900856
4242,0.28918965000132024
4243,0.28918965000132024
4245,-0.13830059985866322
4246,-1.9456770068937663
4247,0.7131995497747603
4248,-5.633635143797484
4249,-1.4598317415906898
4250,-1.5193585233182694
4253,0.28918965000132024
4254,0.28918965000132024
4258,-0.8322241415996834
4260,0.12632145503897224
4262,0.11334864932978672
4263,-0.6333044977129831
4265,-1.3710561011774842
4269,-0.4858632066944354
4273,-4.770861271519984
4274,-1.3640034556641951
4275,4.839284885539525
4276,1.303386353278758
4278,-0.9965676851101823
4280,-8.684582108667442
4281,-6.859739900819727
4283,-0.7362377283854074
4284,-0.3778750372668151
4285,4.324579942687849
4287,-0.30842410450556124
4288,-15.967448416383226
4289,-0.4025775856627257
4290,-0.9457600269478454
4291,1.0021506973481291
4292,-0.16779750247543274
4295,1.3112750783650662
4297,-5.636880558917082
4298,-0.7197251789580699
4299,4.390419904078061
4305,-5.629271821851021
4306,-4.340575088851599
4307,4.701389060028771
4308,3.5386421877077874
4309,3.7463931112313524
4310,1.4929342950564761
4311,-1.0323827503044132
4312,-3.2587287937029674
4314,-0.4259724788057223
4315,0.4030827410227514
4316,-0.3190553705739462
4317,-0.44188647335331066
4318,-2.62025446871949
4319,1.0254859499089255
4320,-0.7217514264293843
4321,-0.01899456555834028
4323,0.19980564413901722
4325,0.4749145715342274
4326,-5.634892875058874
4328,0.4577508142507388
4329,0.6672469132818737
4336,2.6711735353195336
4337,-1.7831277741174496
4338,0.4624055670049717
4340,-1.382762073838558
4341,0.3153972111036447
4342,-0.08023645730710591
4343,10.021410806939276
4344,-1.3366922870772648
4345,-0.5140948269198169
4346,-0.9295311464867358
4347,-0.30158763125148014
4350,-2.4448566180082723
4352,0.24354705998670675
4354,-1.0119939293868536
4356,-24.67028542207246
4358,-2.1072904304610436
4362,8.0659001863189
4363,0.462530999718599
4365,1.3392732537731404
4366,1.5889521732636496
4368,9.956983246199947
4372,-0.7276929967384025
4373,-28.7560739082236
4375,-0.6416640799934642
4377,0.608634613834437
4378,-0.8019919554029853
4379,2.774969573725223
4381,-0.5245299852250076
4383,-0.4871019914199912
4386,0.009441429964363757
4387,2.3347982408165135
4390,-0.7886561011745818
4391,-1.1034987565419068
4393,-0.3365931492208226
4396,-3.014993809790432
4401,-0.5904450510112353
4402,0.0
4405,-7.593453423686201
4409,-0.8129386612722138
4410,-0.4259776853430368
4411,0.2704838919940444
4413,-0.4259724788057223
4414,-10.412260337507638
4417,-0.4259724788057223
4418,-0.9286670874903777
4419,-0.6293341562029637
4423,-2.515863017092764
4426,0.0
4427,-10.617839712352115
4428,1.0974398480272165
4429,-0.9857630590937778
4433,75.00777841982128
4434,0.009625208767778198
4436,-2.0610841874187824
4437,-1.000178506719637
4438,-2.7524309274129353
4439,9.210536987915976
4441,-5.5655399047627006
4443,-2.1722637099898274
4447,1.8801089273139977
4448,-3.9715312667266782
4449,0.12969961492772647
4450,-1.311573116705693
4451,-1.8400834092010399
4452,0.7305145939136449
4454,-1.023885194179079
4456,-2.0625798776726683
4457,3.4131096455554895
4459,-1.174781172008859
4460,0.2418187458846489
4461,-0.49789230811849927
4462,-0.6780481194344488
4463,0.261751880416749
4464,0.0
4465,0.9758475282634436
4466,-0.4571884526759261
4472,0.04857958557250197
4476,-0.2724233759661908
4477,-0.7774621631429235
4481,-0.8153517078711792
4482,-0.6358555950925395
4485,-1.351991729158585
4486,-1.2183316647231857
4490,-0.4599322075297536
4491,-1.4147851538004301
4492,2.4707542786767256
4495,-15.970953195342698
4500,-2.8571969866867515
4501,0.026897904724191762
4503,0.0
4504,1.0716638392204496
4505,0.5404778539527608
4506,0.0
4508,-0.875412691533366
4509,0.8641699478334908
4510,-0.620164955448101
4516,-4.009676801679979
4519,0.0
4522,0.26413747853324754
4526,0.06733112766460728
4528,-13.500906148845646
4530,-3.5324614930600693
4531,-3.016870258745293
4532,0.00816129981687691
4534,-0.7350927944919393
4536,-15.639706802683412
4537,-0.39746294245851105
4541,-0.19304106758160572
4542,3.415982311319059
4543,0.9075029760834528
4546,-0.05491221222741821
4547,-0.666889386290437
4549,-0.1834244624390065
4551,-1.369860988813913
4553,1.0013459350782656
4554,1.137109624599808
4555,0.21078584294203664
4556,0.4066495426777088
4557,1.7639384566698997
4558,-0.11880553532712013
4559,-0.199628771598374
4560,3.53052274183215
4561,0.757379717015567
4564,1.856899538012898
4569,0.38589928348829594
4574,-0.9013253005777446
4575,0.3041361443203522
4578,0.16116412764376992
4579,5.17475785248221
4581,-0.6668182213527392
4582,-0.4162321794447644
4583,-0.4259724788057223
4584,-4.204067203682098
4586,-0.08075026154594328
4588,-0.672062580145357
4590,-0.48112080820338765
4591,-1.9856027507873744
4592,-0.0631351247078375
4593,-1.7287631642146657
4597,-2.4953205734898516
4598,-0.7350629969906541
4599,-4.002641005074906
4601,1.3308420919555268
4603,-2.2561183500794324
4604,-0.07215435256252747
4605,0.10276190534308322
4606,0.0005304795717040733
4607,0.09994880521899605
4608,-3.0604817687899057
4609,-0.03405415984961535
4610,-0.317116561512061
4611,-0.3544561865870736
4612,-0.6078093084057368
4614,-0.08038163315089608
4615,2.291219610101974
4616,6.720151706508107
4617,-1.2751829359369626
4618,0.4501975106112318
4622,1.686946366096219
4625,0.37659309198848845
4626,0.8445034042681691
4627,9.452466417104908
4628,-0.4420182964285051
4629,2.18016050257898
4631,-1.861646311495139
4633,0.48277202137848224
4634,-1.374907963537366
4637,0.2866778890431116
4640,-1.2067903273262466
4643,-1.1414959346415285
4644,1.0168401560305251
4649,-0.8513893104502881
4653,2.169022700469336
4655,-2.289109434671593
4656,0.5630195852330286
4660,-0.6868366501111389
4661,0.3312897705423338
4664,-0.3279022913862951
4670,1.7231083045419382
4671,-1.3668228813727017
4673,3.629262147738465
4676,0.0
4677,-1.3144111149266462
4679,-0.5388482368518454
4680,3.8418771752178125
4686,1.7283369528046562
4687,-3.4226531495596335
4688,-0.5849834485789339
4689,-2.600027112179193
4690,-0.21233391986054026
4691,0.03022659252621024
4692,-1.270188243412558
4693,0.4070536068863432
4695,-1.9652808733288083
4702,0.32488985646248536
4704,1.8636606912506335
4706,-1.5190769801841248
4707,1.0799697720870047
4709,-2.562322109803118
4710,-2.2713524337994917
4711,-6.374715055145998
4712,-0.5567187065890493
4713,-0.9239944629280762
4714,-0.6583454722008456
4717,-2.606296029351079
4718,-0.6491835422862795
4719,-5.718975491699229
